id,label
33108,typography
33197,typography
33547,typography
33548,typography
33678,typography
34236,typography
34611,typography
34635,typography
34684,typography
34736,typography
34859,typography
34981,typography
35034,typography
35063,typography
35212,graphic
35312,typography
35813,typography
35928,typography
36023,default
36069,typography
36127,typography
36128,funky print
36194,typography
36281,typography
36307,typography
36373,typography
36381,typography
36436,typography
36490,typography
36519,typography
36523,typography
36526,typography
36528,typography
36563,typography
36565,typography
36639,typography
36727,typography
37108,funky print
37343,typography
37351,typography
37362,funky print
37390,typography
37445,graphic
37471,typography
37661,funky print
37781,default
37836,typography
37851,typography
37891,typography
37902,typography
37923,typography
37975,typography
37990,typography
37995,graphic
38052,typography
38054,typography
38209,typography
38244,typography
38361,typography
38417,typography
38480,typography
38515,typography
38560,typography
38575,default
38634,typography
38784,typography
38880,typography
38886,typography
38950,typography
38964,typography
38979,typography
39071,typography
39098,typography
39127,typography
39185,typography
39199,funky print
39202,typography
39216,typography
39231,typography
39239,typography
39245,typography
39326,typography
39333,default
39334,typography
39350,typography
39363,typography
39389,funky print
39425,typography
39505,typography
39513,typography
39565,typography
39586,typography
39587,typography
39640,typography
39759,typography
39765,graphic
39809,typography
39827,typography
39875,typography
39928,typography
39952,typography
40025,typography
40100,typography
40324,typography
40367,typography
40420,typography
40465,typography
40479,typography
40510,typography
40618,typography
40671,typography
40751,typography
40767,typography
40768,typography
40779,typography
40794,typography
40796,typography
40822,typography
40838,typography
40853,typography
40949,typography
41000,typography
41016,typography
41032,typography
41124,typography
41155,typography
41180,typography
41216,typography
41231,graphic
41353,typography
41367,typography
41372,typography
41407,typography
41459,funky print
41475,typography
41508,typography
41570,default
41645,typography
41748,typography
41850,typography
42021,typography
42054,typography
42119,typography
42120,typography
42121,typography
42191,typography
42199,typography
42212,typography
42360,typography
42372,typography
42374,typography
42377,typography
42386,typography
42462,typography
42481,typography
42482,typography
42533,typography
42591,typography
42667,typography
42710,typography
42744,typography
42750,typography
42775,typography
42776,typography
42840,graphic
42941,typography
42977,typography
43205,typography
43210,typography
43248,typography
43276,funky print
43322,typography
43361,typography
43402,typography
43449,typography
43464,typography
43486,typography
43487,typography
43495,typography
43503,typography
43511,typography
43512,typography
43516,typography
43522,graphic
43528,typography
43529,typography
43531,typography
43537,typography
43541,funky print
43548,funky print
43555,typography
43557,typography
43561,typography
43577,typography
43581,typography
43586,typography
43589,typography
43591,typography
43594,typography
43595,typography
43598,typography
43599,funky print
43600,typography
43602,typography
43603,typography
43612,typography
43614,typography
43619,typography
43622,typography
43626,typography
43635,typography
43639,typography
43645,typography
43663,typography
43667,typography
43676,typography
43695,typography
43720,typography
43721,typography
43722,typography
43729,typography
43734,typography
43739,typography
43741,funky print
43745,typography
43750,typography
43766,typography
43768,typography
43778,typography
43779,typography
43780,typography
43783,typography
43799,typography
43803,typography
43813,typography
43820,typography
43855,funky print
43857,typography
43865,typography
43892,typography
43905,typography
43912,typography
43929,funky print
43931,typography
43944,typography
43946,typography
43947,graphic
43949,typography
43950,typography
43953,graphic
43955,typography
43957,typography
43959,typography
43966,typography
43967,typography
43975,typography
43983,typography
43996,funky print
44006,typography
44025,typography
44027,typography
44028,typography
44029,typography
44031,typography
44035,typography
44051,typography
44060,typography
44063,typography
44102,typography
44103,typography
44108,typography
44109,funky print
44114,typography
44121,typography
44123,typography
44126,funky print
44130,typography
44143,typography
44148,typography
44150,typography
44156,typography
44171,typography
44174,typography
44182,typography
44189,typography
44206,typography
44217,typography
44221,typography
44230,typography
44232,typography
44235,typography
44263,typography
44268,typography
44270,typography
44271,graphic
44273,typography
44276,typography
44280,typography
44285,funky print
44293,typography
44294,typography
44296,typography
44299,typography
44302,typography
44303,typography
44305,typography
44310,typography
44312,typography
44332,typography
44338,typography
44348,funky print
44349,typography
44363,typography
44366,typography
44375,typography
44382,typography
44388,typography
44393,typography
44395,typography
44396,typography
44397,typography
44398,typography
44400,funky print
44402,typography
44415,typography
44419,typography
44420,typography
44427,typography
44432,default
44441,typography
44446,typography
44447,typography
44451,typography
44457,typography
44459,typography
44462,funky print
44464,typography
44491,typography
44498,typography
44499,typography
44505,typography
44507,typography
44515,typography
44523,typography
44526,typography
44557,typography
44572,typography
44581,typography
44592,typography
44600,typography
44601,typography
44603,typography
44609,typography
44613,typography
44616,typography
44617,funky print
44630,typography
44631,typography
44632,typography
44634,typography
44640,typography
44641,typography
44642,typography
44676,typography
44679,typography
44682,typography
44683,typography
44687,typography
44688,typography
44692,typography
44697,typography
44698,typography
44702,graphic
44703,typography
44705,typography
44706,funky print
44709,typography
44711,typography
44713,typography
44714,typography
44715,typography
44717,typography
44718,funky print
44728,typography
44729,typography
44750,typography
44754,typography
44756,typography
44762,typography
44770,typography
44774,typography
44776,typography
44781,typography
44783,typography
44805,typography
44822,typography
44829,typography
44831,typography
44842,typography
44850,typography
44862,typography
44864,typography
44874,funky print
44875,typography
44877,typography
44884,typography
44886,typography
44887,typography
44892,typography
44906,typography
44912,typography
44914,typography
44915,graphic
44916,typography
44918,typography
44929,graphic
44936,typography
44954,typography
44967,funky print
44968,typography
44972,typography
44975,typography
44977,graphic
44978,typography
44981,typography
44994,typography
45000,typography
45010,typography
45011,typography
45042,typography
45043,typography
45044,typography
45050,typography
45054,typography
45063,typography
45068,typography
45069,typography
45071,typography
45072,typography
45084,typography
45086,typography
45096,typography
45097,funky print
45098,typography
45102,typography
45107,typography
45108,typography
45113,typography
45117,typography
45132,typography
45143,typography
45148,typography
45157,typography
45159,typography
45172,typography
45197,typography
45200,typography
45201,typography
45204,typography
45210,typography
45211,typography
45216,typography
45227,typography
45230,default
45237,typography
45247,typography
45249,typography
45254,typography
45256,typography
45258,typography
45263,typography
45264,typography
45267,typography
45268,typography
45275,typography
45276,typography
45277,typography
45278,typography
45289,typography
45291,typography
45292,typography
45294,typography
45296,typography
45303,typography
45326,funky print
45329,typography
45350,typography
45352,typography
45359,typography
45363,typography
45365,funky print
45367,typography
45373,typography
45374,typography
45377,typography
45381,typography
45384,typography
45391,typography
45395,typography
45409,typography
45410,typography
45421,typography
45424,typography
45426,typography
45433,typography
45441,graphic
45445,typography
45450,typography
45455,typography
45468,typography
45469,typography
45471,typography
45484,typography
45485,typography
45491,typography
45492,typography
45495,typography
45508,typography
45509,typography
45511,typography
45522,typography
45523,typography
45538,typography
45542,typography
45560,typography
45563,typography
45566,typography
45569,typography
45578,typography
45579,typography
45580,typography
45586,typography
45597,typography
45598,typography
45599,typography
45611,typography
45612,typography
45623,typography
45642,typography
45644,typography
45663,typography
45669,funky print
45671,typography
45674,typography
45676,typography
45681,typography
45696,typography
45697,typography
45712,typography
45713,typography
45725,typography
45728,typography
45729,typography
45753,typography
45761,typography
45762,typography
45773,typography
45778,typography
45794,typography
45798,typography
45799,typography
45810,typography
45812,typography
45813,typography
45821,typography
45828,typography
45832,typography
45833,typography
45834,typography
45844,typography
45853,typography
45861,typography
45875,typography
45888,typography
45889,typography
45896,typography
45898,typography
45899,typography
45903,default
45915,typography
45922,typography
45932,typography
45934,typography
45943,typography
45944,typography
45946,typography
45958,graphic
45975,typography
45977,typography
45980,typography
45981,typography
45983,typography
45998,typography
45999,typography
46023,typography
46030,typography
46033,typography
46036,typography
46037,typography
46055,typography
46056,typography
46060,typography
46062,typography
46064,typography
46066,typography
46092,typography
46103,typography
46118,typography
46125,typography
46126,typography
46141,typography
46160,funky print
46167,typography
46168,typography
46171,typography
46174,typography
46184,typography
46193,typography
46194,typography
46195,typography
46197,typography
46203,typography
46205,funky print
46207,typography
46213,typography
46225,typography
46234,typography
46235,typography
46239,typography
46259,typography
46264,typography
46266,typography
46268,typography
46269,typography
46270,typography
46271,typography
46277,typography
46279,typography
46293,typography
46294,typography
46295,typography
46296,typography
46297,typography
46298,typography
46299,typography
46306,typography
46329,typography
46332,typography
46337,typography
46343,typography
46346,typography
46352,typography
46362,typography
46367,typography
46368,typography
46371,typography
46378,typography
46379,typography
46385,typography
46389,typography
46393,funky print
46394,typography
46395,typography
46396,typography
46397,typography
46399,typography
46401,typography
46407,typography
46408,typography
46409,typography
46410,funky print
46419,typography
46421,typography
46424,typography
46439,typography
46442,typography
46446,typography
46455,typography
46461,typography
46466,typography
46469,typography
46514,typography
46515,funky print
46520,typography
46523,typography
46534,typography
46540,typography
46541,typography
46542,typography
46543,funky print
46555,typography
46559,typography
46571,typography
46575,typography
46576,typography
46577,typography
46589,typography
46604,typography
46607,typography
46608,typography
46619,typography
46622,typography
46624,funky print
46626,typography
46632,typography
46633,typography
46636,typography
46644,typography
46647,typography
46648,typography
46649,typography
46650,typography
46651,typography
46652,typography
46655,typography
46656,typography
46661,default
46662,typography
46666,typography
46667,typography
46668,typography
46670,typography
46671,typography
46674,typography
46680,typography
46681,typography
46682,typography
46683,typography
46689,typography
46696,typography
46699,typography
46706,funky print
46708,typography
46709,funky print
46710,typography
46711,typography
46714,typography
46717,typography
46724,typography
46727,typography
46728,funky print
46742,typography
46743,typography
46744,typography
46745,typography
46747,typography
46748,funky print
46761,typography
46765,typography
46767,typography
46773,typography
46777,typography
46778,typography
46779,typography
46805,typography
46806,typography
46848,typography
46853,typography
46855,typography
46886,typography
46891,typography
46897,typography
46911,typography
46929,typography
46936,typography
46942,typography
46957,typography
46974,typography
46980,funky print
46986,typography
46987,typography
46988,typography
46989,typography
46991,typography
47010,typography
47015,typography
47021,typography
47028,typography
47031,funky print
47032,typography
47034,typography
47037,typography
47042,typography
47050,typography
47056,funky print
47059,typography
47062,typography
47067,typography
47068,typography
47069,typography
47070,typography
47071,typography
47076,typography
47079,typography
47081,typography
47084,funky print
47085,typography
47086,typography
47088,typography
47093,typography
47099,typography
47100,typography
47101,typography
47107,typography
47117,typography
47118,typography
47130,typography
47132,typography
47134,typography
47136,typography
47138,typography
47139,typography
47140,typography
47153,typography
47154,typography
47156,typography
47162,typography
47169,typography
47171,typography
47180,typography
47188,typography
47194,typography
47200,typography
47210,typography
47230,typography
47235,typography
47243,typography
47246,typography
47257,typography
47265,typography
47266,typography
47282,typography
47294,typography
47295,typography
47297,typography
47301,typography
47304,typography
47306,typography
47308,typography
47325,typography
47326,default
47329,default
47331,typography
47332,default
47339,typography
47343,typography
47344,typography
47355,typography
47359,typography
47365,typography
47371,typography
47391,typography
47395,typography
47397,typography
47399,typography
47404,typography
47408,typography
47412,typography
47414,typography
47432,typography
47439,typography
47450,typography
47451,funky print
47452,typography
47453,typography
47456,typography
47466,typography
47474,typography
47476,funky print
47483,typography
47491,typography
47497,typography
47501,typography
47512,typography
47518,typography
47522,typography
47523,typography
47525,typography
47537,typography
47538,typography
47540,typography
47541,typography
47542,typography
47543,typography
47545,typography
47550,typography
47562,typography
47563,typography
47564,typography
47574,typography
47575,typography
47577,typography
47578,typography
47581,typography
47583,typography
47592,typography
47594,typography
47609,typography
47610,typography
47611,typography
47612,typography
47615,typography
47617,typography
47618,typography
47619,typography
47625,typography
47629,typography
47631,typography
47632,typography
47633,typography
47634,typography
47638,typography
47639,typography
47640,typography
47642,typography
47654,typography
47657,typography
47659,typography
47663,typography
47666,funky print
47667,typography
47669,typography
47671,typography
47688,typography
47709,typography
47714,typography
47715,typography
47719,typography
47720,typography
47729,typography
47735,typography
47745,typography
47747,typography
47748,funky print
47771,typography
47774,typography
47787,typography
47791,typography
47793,typography
47794,typography
47795,typography
47796,typography
47797,typography
47798,typography
47800,typography
47804,typography
47805,typography
47806,typography
47807,typography
47822,typography
47831,typography
47832,typography
47835,typography
47836,typography
47837,typography
47838,typography
47840,typography
47857,typography
47871,typography
47872,typography
47889,typography
47891,typography
47909,typography
47917,typography
47921,typography
47926,typography
47934,typography
47936,typography
47937,typography
47939,typography
47947,funky print
47969,typography
47975,typography
47978,typography
47980,typography
47984,typography
47985,typography
47987,typography
47991,typography
47992,typography
47993,typography
47995,typography
47999,typography
48007,typography
48009,typography
48010,typography
48013,typography
48015,funky print
48024,typography
48034,typography
48053,typography
48067,typography
48069,typography
48071,typography
48075,funky print
48077,typography
48084,typography
48087,typography
48092,typography
48100,funky print
48127,typography
48132,typography
48140,typography
48148,typography
48149,funky print
48154,typography
48164,typography
48166,typography
48167,typography
48171,typography
48173,funky print
48176,typography
48180,typography
48188,typography
48191,typography
48200,typography
48203,typography
48215,typography
48221,typography
48222,typography
48226,typography
48227,typography
48229,typography
48238,typography
48246,typography
48255,typography
48256,typography
48261,typography
48271,funky print
48285,typography
48291,typography
48306,typography
48309,typography
48310,typography
48314,typography
48317,typography
48331,typography
48353,typography
48362,typography
48368,funky print
48369,typography
48372,typography
48376,typography
48379,typography
48381,typography
48382,typography
48390,typography
48396,typography
48417,typography
48420,typography
48421,typography
48427,typography
48432,typography
48449,funky print
48454,typography
48463,typography
48473,typography
48476,typography
48481,typography
48485,typography
48486,typography
48488,typography
48489,typography
48492,typography
48495,typography
48496,typography
48497,typography
48500,typography
48507,typography
48512,typography
48515,typography
48519,typography
48520,typography
48536,funky print
48538,typography
48546,typography
48547,typography
48550,typography
48555,typography
48558,typography
48571,typography
48573,typography
48578,default
48589,typography
48601,typography
48602,funky print
48611,typography
48621,typography
48633,typography
48634,funky print
48640,typography
48642,graphic
48671,typography
48689,typography
48715,typography
48716,typography
48731,typography
48734,typography
48735,typography
48741,typography
48762,typography
48766,typography
48768,typography
48777,graphic
48781,typography
48782,typography
48799,typography
48801,typography
48809,typography
48813,typography
48814,typography
48819,typography
48827,typography
48838,typography
48843,typography
48847,funky print
48848,typography
48849,typography
48852,typography
48855,default
48857,typography
48860,typography
48878,default
48881,typography
48882,typography
48884,typography
48889,typography
48892,typography
48894,funky print
48896,typography
48902,typography
48903,typography
48904,typography
48906,typography
48909,typography
48913,typography
48918,typography
48926,typography
48933,typography
48941,typography
48942,typography
48943,typography
48944,typography
48945,typography
48947,typography
48954,typography
48956,typography
48957,typography
48963,typography
48971,typography
48973,typography
48984,typography
48991,typography
48994,typography
49001,typography
49005,typography
49006,typography
49010,typography
49016,typography
49018,typography
49021,typography
49023,typography
49024,typography
49027,typography
49029,typography
49030,typography
49044,typography
49046,typography
49047,typography
49052,typography
49055,typography
49057,typography
49058,typography
49061,typography
49069,typography
49073,typography
49078,typography
49079,typography
49096,typography
49097,typography
49099,typography
49103,typography
49106,typography
49109,typography
49112,funky print
49122,typography
49124,typography
49131,typography
49132,typography
49138,typography
49143,typography
49149,typography
49151,typography
49156,typography
49159,typography
49162,typography
49165,typography
49169,typography
49170,typography
49173,typography
49178,typography
49185,typography
49190,default
49191,typography
49194,typography
49196,typography
49198,typography
49213,typography
49214,typography
49225,default
49233,typography
49240,typography
49246,typography
49251,typography
49253,typography
49258,default
49260,typography
49261,typography
49264,graphic
49265,typography
49267,typography
49268,typography
49269,typography
49272,typography
49276,typography
49282,typography
49289,typography
49297,typography
49298,typography
49300,typography
49302,typography
49306,typography
49307,typography
49308,typography
49309,typography
49310,typography
49312,typography
49316,typography
49330,typography
49331,typography
49332,typography
49334,typography
49335,typography
49338,typography
49343,typography
49355,typography
49357,typography
49363,typography
49365,typography
49371,funky print
49373,typography
49374,typography
49376,typography
49378,typography
49380,typography
49386,typography
49403,typography
49415,typography
49416,typography
49417,typography
49420,typography
49427,typography
49432,typography
49434,typography
49436,typography
49448,typography
49452,typography
49465,typography
49473,typography
49492,typography
49493,typography
49510,typography
49511,typography
49529,typography
49531,typography
49537,typography
49540,typography
49543,typography
49544,typography
49548,typography
49550,typography
49552,typography
49557,typography
49562,typography
49568,typography
49572,typography
49578,typography
49579,typography
49582,typography
49587,typography
49594,default
49596,typography
49598,typography
49602,typography
49603,typography
49605,typography
49608,typography
49623,typography
49626,typography
49631,typography
49633,typography
49637,typography
49639,typography
49640,typography
49641,typography
49642,typography
49647,typography
49649,typography
49652,typography
49654,typography
49657,typography
49661,typography
49662,typography
49663,typography
49666,typography
49668,typography
49670,typography
49674,typography
49675,typography
49682,typography
49692,typography
49694,typography
49699,typography
49702,typography
49704,typography
49707,funky print
49720,typography
49723,typography
49724,typography
49727,typography
49732,typography
49734,typography
49736,typography
49749,typography
49755,typography
49756,typography
49757,typography
49765,typography
49766,typography
49791,typography
49792,typography
49795,funky print
49798,typography
49804,funky print
49807,typography
49808,typography
49809,typography
49810,typography
49811,typography
49816,typography
49819,typography
49820,typography
49822,typography
49833,typography
49835,typography
49838,typography
49842,typography
49843,typography
49844,typography
49851,typography
49857,typography
49859,typography
49876,typography
49887,typography
49891,typography
49900,typography
49904,typography
49905,typography
49907,typography
49911,typography
49916,typography
49920,typography
49925,typography
49933,typography
49934,typography
49935,typography
49937,typography
49938,typography
49939,typography
49943,typography
49945,typography
49947,typography
49949,typography
49952,funky print
49962,typography
49964,typography
49969,typography
49974,typography
49980,funky print
49981,typography
49983,typography
49984,typography
49986,typography
49992,typography
49993,typography
49998,typography
50002,typography
50009,default
50010,typography
50016,typography
50017,typography
50019,typography
50023,typography
50025,typography
50035,typography
50037,typography
50049,typography
50057,typography
50067,typography
50069,typography
50080,typography
50081,typography
50088,typography
50090,typography
50093,typography
50094,typography
50095,typography
50100,typography
50106,typography
50117,typography
50120,typography
50122,typography
50124,typography
50126,typography
50128,typography
50131,typography
50132,funky print
50140,typography
50141,typography
50142,typography
50157,typography
50183,typography
50184,typography
50188,typography
50192,typography
50197,typography
50202,typography
50206,typography
50210,typography
50213,typography
50216,typography
50217,funky print
50222,typography
50227,typography
50242,typography
50249,typography
50250,typography
50253,typography
50258,typography
50262,typography
50270,typography
50272,typography
50279,typography
50284,typography
50285,typography
50289,typography
50290,typography
50291,typography
50298,typography
50300,typography
50302,typography
50304,typography
50308,typography
50309,typography
50311,typography
50313,typography
50316,typography
50318,typography
50320,typography
50325,graphic
50327,typography
50335,typography
50339,typography
50345,typography
50346,typography
50349,typography
50351,typography
50366,typography
50367,typography
50369,typography
50371,typography
50377,typography
50379,typography
50385,typography
50386,funky print
50387,graphic
50400,funky print
50401,typography
50403,typography
50404,typography
50405,typography
50406,typography
50423,funky print
50425,typography
50435,typography
50436,typography
50438,typography
50450,typography
50454,typography
50459,typography
50460,typography
50463,typography
50464,typography
50466,typography
50469,typography
50472,typography
50474,typography
50475,typography
50476,typography
50477,typography
50479,typography
50481,funky print
50485,typography
50486,typography
50494,typography
50497,funky print
50499,typography
50500,typography
50505,typography
50511,typography
50520,typography
50534,typography
50535,typography
50536,typography
50538,typography
50539,typography
50542,typography
50543,typography
50549,typography
50558,typography
50570,typography
50571,typography
50573,typography
50578,typography
50581,typography
50582,graphic
50596,typography
50598,typography
50607,typography
50610,typography
50615,funky print
50619,typography
50624,typography
50627,funky print
50628,typography
50629,typography
50631,typography
50632,typography
50634,typography
50635,typography
50636,typography
50637,funky print
50638,typography
50640,typography
50641,typography
50644,typography
50653,typography
50655,funky print
50658,funky print
50664,typography
50674,typography
50701,typography
50703,typography
50707,typography
50709,typography
50710,typography
50715,typography
50724,typography
50725,typography
50729,typography
50732,typography
50738,typography
50739,typography
50740,typography
50741,typography
50744,typography
50756,typography
50758,typography
50762,typography
50766,typography
50769,typography
50771,typography
50781,typography
50782,typography
50783,typography
50790,typography
50792,typography
50793,typography
50795,typography
50796,funky print
50800,typography
50824,typography
50825,funky print
50829,funky print
50835,typography
50836,typography
50842,typography
50847,typography
50848,typography
50849,typography
50851,typography
50852,typography
50863,typography
50865,typography
50872,typography
50874,typography
50875,typography
50878,typography
50884,typography
50889,typography
50890,typography
50892,typography
50893,typography
50898,typography
50903,typography
50904,typography
50909,typography
50911,typography
50915,typography
50919,typography
50922,typography
50927,typography
50930,typography
50931,typography
50939,typography
50945,typography
50946,typography
50949,typography
50955,typography
50956,typography
50957,typography
50958,typography
50962,graphic
50963,typography
50966,typography
50969,typography
50971,typography
50973,typography
50974,typography
50976,typography
50978,typography
50984,typography
50989,typography
50993,typography
50995,typography
51001,funky print
51003,typography
51007,typography
51016,typography
51022,typography
51027,typography
51028,typography
51029,typography
51031,typography
51032,typography
51035,typography
51039,typography
51040,typography
51041,typography
51048,graphic
51049,typography
51054,typography
51056,typography
51063,typography
51065,typography
51066,typography
51072,typography
51076,typography
51081,graphic
51092,typography
51097,typography
51098,typography
51102,typography
51107,typography
51117,typography
51121,funky print
51130,typography
51131,default
51132,typography
51133,typography
51139,typography
51146,typography
51149,typography
51152,typography
51157,typography
51162,typography
51170,typography
51172,typography
51177,typography
51180,typography
51184,typography
51186,typography
51187,typography
51200,typography
51203,typography
51205,typography
51208,typography
51209,typography
51212,typography
51221,typography
51223,typography
51226,typography
51232,typography
51233,typography
51235,typography
51239,funky print
51242,typography
51244,typography
51245,typography
51254,typography
51255,funky print
51258,typography
51262,typography
51264,typography
51269,typography
51274,typography
51284,typography
51287,typography
51290,typography
51293,typography
51294,typography
51314,typography
51318,graphic
51320,typography
51322,typography
51325,typography
51328,typography
51331,typography
51332,typography
51333,typography
51343,typography
51346,typography
51350,typography
51352,typography
51355,typography
51356,funky print
51369,typography
51370,typography
51373,typography
51374,typography
